{"cameraMode":{"drawMode":0,"name":"Shaded","section":"Shading Mode"},"sceneLighting":true,"audioPlay":false,"sceneViewState":{"m_AlwaysRefresh":false,"showFog":true,"showSkybox":true,"showFlares":true,"showImageEffects":true,"showParticleSystems":true,"showVisualEffectGraphs":true,"m_FxEnabled":true},"in2DMode":false,"pivot":{"x":0.36875197291374209,"y":1.0058495998382569,"z":0.5330556631088257},"rotation":{"x":-0.16097205877304078,"y":-0.7450112104415894,"z":0.19420555233955384,"w":-0.617521345615387},"size":1.1822344064712525,"orthographic":true}